,metric_name,mean_0,mean_1,var_0,var_1,delta,lift,criteria,pvalue,statistic
0,Average Revenuer Per User Without Cancelllations,770.601226694407,783.5712299817102,13180466.027929148,8699179.291474111,12.970003287303143,0.016831018220590743,t_test,0.41269755520367846,-0.8191577132456122
0,Average Order Value,1.0,1.0,0.0,0.0,0.0,0.0,t_test,,
0,Canceled Orders per Orders,1.0,1.0,0.0,0.0,0.0,0.0,prop_test,0.3657793121632462,0.9044075953991635
0,Average Revenue per Paying User Without Cancelation,770.601226694407,783.5712299817102,13180466.027929148,8699179.291474111,12.970003287303143,0.016831018220590743,mann_whitney,0.14579479108279167,3803528781.0
